Model,Train Loss,Validation Loss,Train Accuracy,Validation Accuracy
model_original,0.36233374297618864,0.389955683807532,0.862708330154419,0.8537499904632568
model_v1,0.4046434743702412,0.4189375253121058,0.846791684627533,0.843666672706604
model_v2,0.5843525462945303,0.4963833895524343,0.7754999995231628,0.8054999709129333
model_v3,0.46856514481703443,0.4074249993165334,0.8245000243186951,0.8456666469573975
model_v4,0.4767981704771519,0.4135464124282201,0.8212291598320007,0.8425833582878113
