Model,Train Loss,Validation Loss,Train Accuracy,Validation Accuracy
lenet5_model_original,0.358915847,0.401942737,0.865499973,0.852416694
lenet5_model_v1,0.415651062,0.457803112,0.843708336,0.828750014
lenet5_model_v2,0.572509268,0.501463214,0.783354163,0.810333312
lenet5_model_v3,0.482272984,0.441005229,0.819041669,0.838416696
lenet5_model_v4,0.485094712,0.45525531,0.819312513,0.835416675
