Model,Train Loss,Validation Loss,Train Accuracy,Validation Accuracy
lenet5_model_original,0.24302346801633637,0.3097250618537267,0.9068958163261414,0.8917499780654907
lenet5_model_v1,0.2268929167414705,0.28468820254007976,0.9160624742507935,0.8971666693687439
lenet5_model_v2,0.14108603826041022,0.2584964751576384,0.9485416412353516,0.9141666889190674
lenet5_model_v3,0.14013696229054282,0.26010347898801167,0.9494583606719971,0.9147499799728394
lenet5_model_v4,0.2862037790870915,0.2899250875910123,0.895229160785675,0.8928333520889282
